SPECIES,TYPE 1,TYPE 2,COLOR,EGG GROUP 1,EGG GROUP 2
BULBASAUR,GRASS,POISON,GREEN,MONSTER,GRASS
IVYSAUR,GRASS,POISON,GREEN,MONSTER,GRASS
VENUSAUR,GRASS,POISON,GREEN,MONSTER,GRASS
MEGA VENUSAUR,GRASS,POISON,GREEN,MONSTER,GRASS
GIGANTAMAX VENUSAUR,GRASS,POISON,GREEN,MONSTER,GRASS
CHARMANDER,FIRE,FIRE,RED,MONSTER,DRAGON
CHARMELEON,FIRE,FIRE,RED,MONSTER,DRAGON
CHARIZARD,FIRE,FLYING,RED,MONSTER,DRAGON
MEGA CHARIZARD X,FIRE,DRAGON,BLACK,MONSTER,DRAGON
MEGA CHARIZARD Y,FIRE,FLYING,RED,MONSTER,DRAGON
GIGANTAMAX CHARIZARD,FIRE,FLYING,RED,MONSTER,DRAGON
SQUIRTLE,WATER,WATER,BLUE,MONSTER,WATER 1
WARTORTLE,WATER,WATER,BLUE,MONSTER,WATER 1
BLASTOISE,WATER,WATER,BLUE,MONSTER,WATER 1
MEGA BLASTOISE,WATER,WATER,BLUE,MONSTER,WATER 1
GIGANTAMAX BLASTOISE,WATER,WATER,BLUE,MONSTER,WATER 1
CATERPIE,BUG,BUG,GREEN,BUG,BUG
METAPOD,BUG,BUG,GREEN,BUG,BUG
BUTTERFREE,BUG,FLYING,WHITE,BUG,BUG
GIGANTAMAX BUTTERFREE,BUG,FLYING,WHITE,BUG,BUG
WEEDLE,BUG,POISON,BROWN,BUG,BUG
KAKUNA,BUG,POISON,YELLOW,BUG,BUG
BEEDRILL,BUG,POISON,YELLOW,BUG,BUG
MEGA BEEDRILL,BUG,POISON,YELLOW,BUG,BUG
PIDGEY,NORMAL,FLYING,BROWN,FLYING,FLYING
PIDGEOTTO,NORMAL,FLYING,BROWN,FLYING,FLYING
PIDGEOT,NORMAL,FLYING,BROWN,FLYING,FLYING
MEGA PIDGEOT,NORMAL,FLYING,BROWN,FLYING,FLYING
RATTATA,NORMAL,NORMAL,PURPLE,FIELD,FIELD
ALOLAN RATTATA,DARK,NORMAL,BLACK,FIELD,FIELD
RATICATE,NORMAL,NORMAL,BROWN,FIELD,FIELD
ALOLAN RATICATE,DARK,NORMAL,BLACK,FIELD,FIELD
SPEAROW,NORMAL,FLYING,BROWN,FLYING,FLYING
FEAROW,NORMAL,FLYING,BROWN,FLYING,FLYING
EKANS,POISON,POISON,PURPLE,FIELD,DRAGON
ARBOK,POISON,POISON,PURPLE,FIELD,DRAGON
PIKACHU,ELECTRIC,ELECTRIC,YELLOW,FIELD,FAIRY
GIGANTAMAX PIKACHU,ELECTRIC,ELECTRIC,YELLOW,FIELD,FAIRY
RAICHU,ELECTRIC,ELECTRIC,YELLOW,FIELD,FAIRY
ALOLAN RAICHU,ELECTRIC,PSYCHIC,BROWN,FIELD,
SANDSHREW,GROUND,GROUND,YELLOW,FIELD,
ALOLAN SANDSHREW,ICE,STEEL,WHITE,FIELD,
SANDSLASH,GROUND,GROUND,YELLOW,FIELD,
ALOLAN SANDSLASH,ICE,STEEL,BLUE,FIELD,
NIDORAN♀,POISON,POISON,BLUE,MONSTER,FIELD
NIDORINA,POISON,POISON,BLUE,UNDISCOVERED,UNDISCOVERED
NIDOQUEEN,POISON,GROUND,BLUE,UNDISCOVERED,UNDISCOVERED
NIDORAN♂,POISON,POISON,PURPLE,MONSTER,FIELD
NIDORINO,POISON,POISON,PURPLE,MONSTER,FIELD
NIDOKING,POISON,GROUND,PURPLE,MONSTER,FIELD
CLEFAIRY,FAIRY,FAIRY,PINK,FAIRY,FAIRY
CLEFABLE,FAIRY,FAIRY,PINK,FAIRY,FAIRY
VULPIX,FIRE,FIRE,BROWN,FIELD,FIELD
ALOLAN VULPIX,ICE,ICE,WHITE,FIELD,FIELD
NINETALES,FIRE,FIRE,YELLOW,FIELD,FIELD
ALOLAN NINETALES,ICE,FAIRY,BLUE,FIELD,FIELD
JIGGLYPUFF,NORMAL,FAIRY,PINK,FAIRY,FAIRY
WIGGLYTUFF,NORMAL,FAIRY,PINK,FAIRY,FAIRY
ZUBAT,POISON,FLYING,PURPLE,FLYING,FLYING
GOLBAT,POISON,FLYING,PURPLE,FLYING,FLYING
ODDISH,GRASS,POISON,BLUE,GRASS,GRASS
GLOOM,GRASS,POISON,BLUE,GRASS,GRASS
VILEPLUME,GRASS,POISON,RED,GRASS,GRASS
PARAS,BUG,GRASS,RED,BUG,GRASS
PARASECT,BUG,GRASS,RED,BUG,GRASS
VENONAT,BUG,POISON,PURPLE,BUG,
VENOMOTH,BUG,POISON,PURPLE,BUG,
DIGLETT,GROUND,GROUND,BROWN,FIELD,FIELD
ALOLAN DIGLETT,GROUND,STEEL,BROWN,FIELD,FIELD
DUGTRIO,GROUND,GROUND,BROWN,FIELD,FIELD
ALOLAN DUGTRIO,GROUND,STEEL,BROWN,FIELD,FIELD
MEOWTH,NORMAL,NORMAL,YELLOW,FIELD,FIELD
ALOLAN MEOWTH,DARK,DARK,BLUE,FIELD,FIELD
GALARIAN MEOWTH,STEEL,STEEL,BROWN,FIELD,FIELD
GIGANTAMAX MEOWTH,NORMAL,NORMAL,YELLOW,FIELD,FIELD
PERSIAN,NORMAL,NORMAL,YELLOW,FIELD,FIELD
ALOLAN PERSIAN,DARK,DARK,BLUE,FIELD,FIELD
PSYDUCK,WATER,WATER,YELLOW,WATER 1,FIELD
GOLDUCK,WATER,WATER,BLUE,WATER 1,FIELD
MANKEY,FIGHTING,FIGHTING,BROWN,FIELD,FIELD
PRIMEAPE,FIGHTING,FIGHTING,BROWN,FIELD,FIELD
GROWLITHE,FIRE,FIRE,BROWN,FIELD,FIELD
ARCANINE,FIRE,FIRE,BROWN,FIELD,FIELD
POLIWAG,WATER,WATER,BLUE,WATER 1,WATER 1
POLIWHIRL,WATER,WATER,BLUE,WATER 1,WATER 1
POLIWRATH,WATER,FIGHTING,BLUE,WATER 1,WATER 1
ABRA,PSYCHIC,PSYCHIC,BROWN,HUMAN-LIKE,HUMAN-LIKE
KADABRA,PSYCHIC,PSYCHIC,BROWN,HUMAN-LIKE,HUMAN-LIKE
ALAKAZAM,PSYCHIC,PSYCHIC,BROWN,HUMAN-LIKE,HUMAN-LIKE
MEGA ALAKAZAM,PSYCHIC,PSYCHIC,BROWN,HUMAN-LIKE,HUMAN-LIKE
MACHOP,FIGHTING,FIGHTING,GRAY,HUMAN-LIKE,HUMAN-LIKE
MACHOKE,FIGHTING,FIGHTING,GRAY,HUMAN-LIKE,HUMAN-LIKE
MACHAMP,FIGHTING,FIGHTING,GRAY,HUMAN-LIKE,HUMAN-LIKE
GIGANTAMAX MACHAMP,FIGHTING,FIGHTING,GRAY,HUMAN-LIKE,HUMAN-LIKE
BELLSPROUT,GRASS,POISON,GREEN,GRASS,GRASS
WEEPINBELL,GRASS,POISON,GREEN,GRASS,GRASS
VICTREEBEL,GRASS,POISON,GREEN,GRASS,GRASS
TENTACOOL,WATER,POISON,BLUE,WATER 3,WATER 3
TENTACRUEL,WATER,POISON,BLUE,WATER 3,WATER 3
GEODUDE,ROCK,GROUND,BROWN,MINERAL,MINERAL
ALOLAN GEODUDE,ROCK,ELECTRIC,GRAY,MINERAL,MINERAL
GRAVELER,ROCK,GROUND,BROWN,MINERAL,MINERAL
ALOLAN GRAVELER,ROCK,ELECTRIC,GRAY,MINERAL,MINERAL
GOLEM,ROCK,GROUND,BROWN,MINERAL,MINERAL
ALOLAN GOLEM,ROCK,ELECTRIC,GRAY,MINERAL,MINERAL
PONYTA,FIRE,FIRE,YELLOW,FIELD,FIELD
GALARIAN PONYTA,PSYCHIC,PSYCHIC,WHITE,FIELD,FIELD
RAPIDASH,FIRE,FIRE,YELLOW,FIELD,FIELD
GALARIAN RAPIDASH,PSYCHIC,FAIRY,WHITE,FIELD,FIELD
SLOWPOKE,WATER,PSYCHIC,PINK,MONSTER,WATER 1
GALARIAN SLOWPOKE,PSYCHIC,PSYCHIC,PINK,MONSTER,WATER 1
SLOWBRO,WATER,PSYCHIC,PINK,MONSTER,WATER 1
MEGA SLOWBRO,WATER,PSYCHIC,PINK,MONSTER,WATER 1
GALARIAN SLOWBRO,POISON,PSYCHIC,PINK,MONSTER,WATER 1
MAGNEMITE,ELECTRIC,STEEL,GRAY,MINERAL,MINERAL
MAGNETON,ELECTRIC,STEEL,GRAY,MINERAL,MINERAL
FARFETCH'D,NORMAL,FLYING,BROWN,FLYING,FIELD
GALARIAN FARFETCH'D,FIGHTING,FIGHTING,BROWN,FLYING,FIELD
DODUO,NORMAL,FLYING,BROWN,FLYING,FLYING
DODRIO,NORMAL,FLYING,BROWN,FLYING,FLYING
SEEL,WATER,WATER,WHITE,WATER 1,FIELD
DEWGONG,WATER,ICE,WHITE,WATER 1,FIELD
GRIMER,POISON,POISON,PURPLE,AMORPHOUS,AMORPHOUS
ALOLAN GRIMER,POISON,DARK,GREEN,AMORPHOUS,AMORPHOUS
MUK,POISON,POISON,PURPLE,AMORPHOUS,AMORPHOUS
ALOLAN MUK,POISON,DARK,GREEN,AMORPHOUS,AMORPHOUS
SHELLDER,WATER,WATER,PURPLE,WATER 3,WATER 3
CLOYSTER,WATER,ICE,PURPLE,WATER 3,WATER 3
GASTLY,GHOST,POISON,PURPLE,AMORPHOUS,AMORPHOUS
HAUNTER,GHOST,POISON,PURPLE,AMORPHOUS,AMORPHOUS
GENGAR,GHOST,POISON,PURPLE,AMORPHOUS,AMORPHOUS
MEGA GENGAR,GHOST,POISON,PURPLE,AMORPHOUS,AMORPHOUS
GIGANTAMAX GENGAR,GHOST,POISON,PURPLE,AMORPHOUS,AMORPHOUS
ONIX,ROCK,GROUND,GRAY,MINERAL,MINERAL
DROWZEE,PSYCHIC,PSYCHIC,YELLOW,HUMAN-LIKE,HUMAN-LIKE
HYPNO,PSYCHIC,PSYCHIC,YELLOW,HUMAN-LIKE,HUMAN-LIKE
KRABBY,WATER,WATER,RED,WATER 3,WATER 3
KINGLER,WATER,WATER,RED,WATER 3,WATER 3
GIGANTAMAX KINGLER,WATER,WATER,RED,WATER 3,WATER 3
VOLTORB,ELECTRIC,ELECTRIC,RED,MINERAL,MINERAL
ELECTRODE,ELECTRIC,ELECTRIC,RED,MINERAL,MINERAL
EXEGGCUTE,GRASS,PSYCHIC,PINK,GRASS,GRASS
EXEGGUTOR,GRASS,PSYCHIC,YELLOW,GRASS,GRASS
ALOLAN EXEGGUTOR,GRASS,DRAGON,YELLOW,GRASS,GRASS
CUBONE,GROUND,GROUND,BROWN,MONSTER,MONSTER
MAROWAK,GROUND,GROUND,BROWN,MONSTER,MONSTER
ALOLAN MAROWAK,FIRE,GHOST,PURPLE,MONSTER,MONSTER
HITMONLEE,FIGHTING,FIGHTING,BROWN,HUMAN-LIKE,HUMAN-LIKE
HITMONCHAN,FIGHTING,FIGHTING,BROWN,HUMAN-LIKE,HUMAN-LIKE
LICKITUNG,NORMAL,NORMAL,PINK,MONSTER,MONSTER
KOFFING,POISON,POISON,PURPLE,AMORPHOUS,AMORPHOUS
WEEZING,POISON,POISON,PURPLE,AMORPHOUS,AMORPHOUS
GALARIAN WEEZING,POISON,FAIRY,GRAY,AMORPHOUS,AMORPHOUS
RHYHORN,GROUND,ROCK,GRAY,MONSTER,FIELD
RHYDON,GROUND,ROCK,GRAY,MONSTER,FIELD
CHANSEY,NORMAL,NORMAL,PINK,FAIRY,FAIRY
TANGELA,GRASS,GRASS,BLUE,GRASS,GRASS
KANGASKHAN,NORMAL,NORMAL,BROWN,MONSTER,MONSTER
MEGA KANGASKHAN,NORMAL,NORMAL,BROWN,MONSTER,MONSTER
HORSEA,WATER,WATER,BLUE,WATER 1,DRAGON
SEADRA,WATER,WATER,BLUE,WATER 1,DRAGON
GOLDEEN,WATER,WATER,RED,WATER 2,WATER 2
SEAKING,WATER,WATER,RED,WATER 2,WATER 2
STARYU,WATER,PSYCHIC,BROWN,WATER 3,WATER 3
STARMIE,WATER,PSYCHIC,PURPLE,WATER 3,WATER 3
MR. MIME,PSYCHIC,FAIRY,PINK,HUMAN-LIKE,HUMAN-LIKE
GALARIAN MR. MIME,ICE,PSYCHIC,WHITE,HUMAN-LIKE,HUMAN-LIKE
SCYTHER,BUG,FLYING,GREEN,BUG,BUG
JYNX,ICE,PSYCHIC,RED,HUMAN-LIKE,HUMAN-LIKE
ELECTABUZZ,ELECTRIC,ELECTRIC,YELLOW,HUMAN-LIKE,HUMAN-LIKE
MAGMAR,FIRE,FIRE,RED,HUMAN-LIKE,HUMAN-LIKE
PINSIR,BUG,BUG,BROWN,BUG,BUG
MEGA PINSIR,BUG,FLYING,BROWN,BUG,BUG
TAUROS,NORMAL,NORMAL,BROWN,FIELD,FIELD
MAGIKARP,WATER,WATER,RED,WATER 2,DRAGON
GYARADOS,WATER,FLYING,BLUE,WATER 2,DRAGON
MEGA GYARADOS,WATER,DARK,BLUE,WATER 2,DRAGON
LAPRAS,WATER,ICE,BLUE,MONSTER,WATER 1
GIGANTAMAX LAPRAS,WATER,ICE,BLUE,MONSTER,WATER 1
DITTO,NORMAL,NORMAL,PURPLE,DITTO,DITTO
EEVEE,NORMAL,NORMAL,BROWN,FIELD,FIELD
GIGANTAMAX EEVEE,NORMAL,NORMAL,BROWN,FIELD,FIELD
VAPOREON,WATER,WATER,BLUE,FIELD,FIELD
JOLTEON,ELECTRIC,ELECTRIC,YELLOW,FIELD,FIELD
FLAREON,FIRE,FIRE,RED,FIELD,FIELD
PORYGON,NORMAL,NORMAL,PINK,MINERAL,MINERAL
OMANYTE,ROCK,WATER,BLUE,WATER 1,WATER 3
OMASTAR,ROCK,WATER,BLUE,WATER 1,WATER 3
KABUTO,ROCK,WATER,BROWN,WATER 1,WATER 3
KABUTOPS,ROCK,WATER,BROWN,WATER 1,WATER 3
AERODACTYL,ROCK,FLYING,PURPLE,FLYING,FLYING
MEGA AERODACTYL,ROCK,FLYING,PURPLE,FLYING,FLYING
SNORLAX,NORMAL,NORMAL,BLACK,MONSTER,MONSTER
GIGANTAMAX SNORLAX,NORMAL,NORMAL,BLACK,MONSTER,MONSTER
DRATINI,DRAGON,DRAGON,BLUE,WATER 1,DRAGON
DRAGONAIR,DRAGON,DRAGON,BLUE,WATER 1,DRAGON
DRAGONITE,DRAGON,FLYING,BROWN,WATER 1,DRAGON
CHIKORITA,GRASS,GRASS,GREEN,MONSTER,GRASS
BAYLEEF,GRASS,GRASS,GREEN,MONSTER,GRASS
MEGANIUM,GRASS,GRASS,GREEN,MONSTER,GRASS
CYNDAQUIL,FIRE,FIRE,YELLOW,FIELD,FIELD
QUILAVA,FIRE,FIRE,YELLOW,FIELD,FIELD
TYPHLOSION,FIRE,FIRE,YELLOW,FIELD,FIELD
TOTODILE,WATER,WATER,BLUE,MONSTER,WATER 1
CROCONAW,WATER,WATER,BLUE,MONSTER,WATER 1
FERALIGATR,WATER,WATER,BLUE,MONSTER,WATER 1
SENTRET,NORMAL,NORMAL,BROWN,FIELD,FIELD
FURRET,NORMAL,NORMAL,BROWN,FIELD,FIELD
HOOTHOOT,NORMAL,FLYING,BROWN,FLYING,FLYING
NOCTOWL,NORMAL,FLYING,BROWN,FLYING,FLYING
LEDYBA,BUG,FLYING,RED,BUG,BUG
LEDIAN,BUG,FLYING,RED,BUG,BUG
SPINARAK,BUG,POISON,GREEN,BUG,BUG
ARIADOS,BUG,POISON,RED,BUG,BUG
CROBAT,POISON,FLYING,PURPLE,FLYING,FLYING
CHINCHOU,WATER,ELECTRIC,BLUE,WATER 2,WATER 2
LANTURN,WATER,ELECTRIC,BLUE,WATER 2,WATER 2
PICHU,ELECTRIC,ELECTRIC,YELLOW,UNDISCOVERED,UNDISCOVERED
CLEFFA,FAIRY,FAIRY,PINK,UNDISCOVERED,UNDISCOVERED
IGGLYBUFF,NORMAL,FAIRY,PINK,UNDISCOVERED,UNDISCOVERED
TOGEPI,FAIRY,FAIRY,WHITE,UNDISCOVERED,UNDISCOVERED
TOGETIC,FAIRY,FLYING,WHITE,FLYING,FAIRY
NATU,PSYCHIC,FLYING,GREEN,FLYING,FLYING
XATU,PSYCHIC,FLYING,GREEN,FLYING,FLYING
MAREEP,ELECTRIC,ELECTRIC,WHITE,MONSTER,FIELD
FLAAFY,ELECTRIC,ELECTRIC,PINK,MONSTER,FIELD
AMPHAROS,ELECTRIC,ELECTRIC,YELLOW,MONSTER,FIELD
MEGA AMPHAROS,ELECTRIC,DRAGON,YELLOW,MONSTER,FIELD
BELLOSSOM,GRASS,GRASS,GREEN,GRASS,GRASS
MARILL,WATER,FAIRY,BLUE,WATER 1,FAIRY
AZUMARILL,WATER,FAIRY,BLUE,WATER 1,FAIRY
SUDOWOODO,ROCK,ROCK,BROWN,MINERAL,MINERAL
POLITOED,WATER,WATER,GREEN,WATER 1,WATER 1
HOPPIP,GRASS,FLYING,PINK,FAIRY,GRASS
SKIPLOOM,GRASS,FLYING,GREEN,FAIRY,GRASS
JUMPLUFF,GRASS,FLYING,BLUE,FAIRY,GRASS
AIPOM,NORMAL,NORMAL,PURPLE,FIELD,FIELD
SUNKERN,GRASS,GRASS,YELLOW,GRASS,GRASS
SUNFLORA,GRASS,GRASS,YELLOW,GRASS,GRASS
YANMA,BUG,FLYING,RED,BUG,BUG
WOOPER,WATER,GROUND,BLUE,WATER 1,FIELD
QUAGSIRE,WATER,GROUND,BLUE,WATER 1,FIELD
ESPEON,PSYCHIC,PSYCHIC,PURPLE,FIELD,FIELD
UMBREON,DARK,DARK,BLACK,FIELD,FIELD
MURKROW,DARK,FLYING,BLACK,FLYING,FLYING
SLOWKING,WATER,PSYCHIC,PINK,MONSTER,WATER 1
GALARIAN SLOWKING,POISON,PSYCHIC,PINK,MONSTER,WATER 1
MISDREAVUS,GHOST,GHOST,GRAY,AMORPHOUS,AMORPHOUS
UNOWN,PSYCHIC,PSYCHIC,BLACK,UNDISCOVERED,UNDISCOVERED
WOBBUFFET,PSYCHIC,PSYCHIC,BLUE,AMORPHOUS,AMORPHOUS
GIRAFARIG,NORMAL,PSYCHIC,YELLOW,FIELD,FIELD
PINECO,BUG,BUG,GRAY,BUG,BUG
FORRETRESS,BUG,STEEL,PURPLE,BUG,BUG
DUNSPARCE,NORMAL,NORMAL,YELLOW,FIELD,FIELD
GLIGAR,GROUND,FLYING,PURPLE,BUG,BUG
STEELIX,STEEL,GROUND,GRAY,MINERAL,MINERAL
MEGA STEELIX,STEEL,GROUND,GRAY,MINERAL,MINERAL
SNUBBULL,FAIRY,FAIRY,PINK,FIELD,FAIRY
GRANBULL,FAIRY,FAIRY,PURPLE,FIELD,FAIRY
QWILFISH,WATER,POISON,GRAY,WATER 2,WATER 2
SCIZOR,BUG,STEEL,RED,BUG,BUG
MEGA SCIZOR,BUG,STEEL,RED,BUG,BUG
SHUCKLE,BUG,ROCK,YELLOW,BUG,BUG
HERACROSS,BUG,FIGHTING,BLUE,BUG,BUG
MEGA HERACROSS,BUG,FIGHTING,BLUE,BUG,BUG
SNEASEL,DARK,ICE,BLACK,FIELD,FIELD
TEDDIURSA,NORMAL,NORMAL,BROWN,FIELD,FIELD
URSARING,NORMAL,NORMAL,BROWN,FIELD,FIELD
SLUGMA,FIRE,FIRE,RED,AMORPHOUS,AMORPHOUS
MAGCARGO,FIRE,ROCK,RED,AMORPHOUS,AMORPHOUS
SWINUB,ICE,GROUND,BROWN,FIELD,FIELD
PILOSWINE,ICE,GROUND,BROWN,FIELD,FIELD
CORSOLA,WATER,ROCK,PINK,WATER 1,WATER 3
GALARIAN CORSOLA,GHOST,GHOST,WHITE,WATER 1,WATER 3
REMORAID,WATER,WATER,GRAY,WATER 1,WATER 2
OCTILLERY,WATER,WATER,RED,WATER 1,WATER 2
DELIBIRD,ICE,FLYING,RED,WATER 1,FIELD
MANTINE,WATER,FLYING,PURPLE,WATER 1,WATER 1
SKARMORY,STEEL,FLYING,GRAY,FLYING,FLYING
HOUNDOUR,DARK,FIRE,BLACK,FIELD,FIELD
HOUNDOOM,DARK,FIRE,BLACK,FIELD,FIELD
MEGA HOUNDOOM,DARK,FIRE,BLACK,FIELD,FIELD
KINGDRA,WATER,DRAGON,BLUE,WATER 1,DRAGON
PHANPY,GROUND,GROUND,BLUE,FIELD,FIELD
DONPHAN,GROUND,GROUND,GRAY,FIELD,FIELD
PORYGON2,NORMAL,NORMAL,RED,MINERAL,MINERAL
STANTLER,NORMAL,NORMAL,BROWN,FIELD,FIELD
SMEARGLE,NORMAL,NORMAL,WHITE,FIELD,FIELD
TYROGUE,FIGHTING,FIGHTING,PURPLE,UNDISCOVERED,UNDISCOVERED
HITMONTOP,FIGHTING,FIGHTING,BROWN,HUMAN-LIKE,HUMAN-LIKE
SMOOCHUM,ICE,PSYCHIC,PINK,UNDISCOVERED,UNDISCOVERED
ELEKID,ELECTRIC,ELECTRIC,YELLOW,UNDISCOVERED,UNDISCOVERED
MAGBY,FIRE,FIRE,RED,UNDISCOVERED,UNDISCOVERED
MILTANK,NORMAL,NORMAL,PINK,FIELD,FIELD
BLISSEY,NORMAL,NORMAL,PINK,FAIRY,FAIRY
LARVITAR,ROCK,GROUND,GREEN,MONSTER,MONSTER
PUPITAR,ROCK,GROUND,GRAY,MONSTER,MONSTER
TYRANITAR,ROCK,DARK,GREEN,MONSTER,MONSTER
MEGA TYRANITAR,ROCK,DARK,GREEN,MONSTER,MONSTER
TREECKO,GRASS,GRASS,GREEN,MONSTER,DRAGON
GROVYLE,GRASS,GRASS,GREEN,MONSTER,DRAGON
SCEPTILE,GRASS,GRASS,GREEN,MONSTER,DRAGON
MEGA SCEPTILE,GRASS,DRAGON,GREEN,MONSTER,DRAGON
TORCHIC,FIRE,FIRE,RED,FIELD,FIELD
COMBUSKEN,FIRE,FIGHTING,RED,FIELD,FIELD
BLAZIKEN,FIRE,FIGHTING,RED,FIELD,FIELD
MEGA BLAZIKEN,FIRE,FIGHTING,RED,FIELD,FIELD
MUDKIP,WATER,WATER,BLUE,MONSTER,WATER 1
MARSHTOMP,WATER,GROUND,BLUE,MONSTER,WATER 1
SWAMPERT,WATER,GROUND,BLUE,MONSTER,WATER 1
MEGA SWAMPERT,WATER,GROUND,BLUE,MONSTER,WATER 1
POOCHYENA,DARK,DARK,GRAY,FIELD,FIELD
MIGHTYENA,DARK,DARK,GRAY,FIELD,FIELD
ZIGZAGOON,NORMAL,NORMAL,BROWN,FIELD,FIELD
GALARIAN ZIGZAGOON,DARK,NORMAL,WHITE,FIELD,FIELD
LINOONE,NORMAL,NORMAL,WHITE,FIELD,FIELD
GALARIAN LINOONE,DARK,NORMAL,WHITE,FIELD,FIELD
WURMPLE,BUG,BUG,RED,BUG,BUG
SILCOON,BUG,BUG,WHITE,BUG,BUG
BEAUTIFLY,BUG,FLYING,YELLOW,BUG,BUG
CASCOON,BUG,BUG,PURPLE,BUG,BUG
DUSTOX,BUG,POISON,GREEN,BUG,BUG
LOTAD,WATER,GRASS,GREEN,WATER 1,GRASS
LOMBRE,WATER,GRASS,GREEN,WATER 1,GRASS
LUDICOLO,WATER,GRASS,GREEN,WATER 1,GRASS
SEEDOT,GRASS,GRASS,BROWN,FIELD,GRASS
NUZLEAF,GRASS,DARK,BROWN,FIELD,GRASS
SHIFTRY,GRASS,DARK,BROWN,FIELD,GRASS
TAILLOW,NORMAL,FLYING,BLUE,FLYING,FLYING
SWELLOW,NORMAL,FLYING,BLUE,FLYING,FLYING
WINGULL,WATER,FLYING,WHITE,WATER 1,FLYING
PELIPPER,WATER,FLYING,YELLOW,WATER 1,FLYING
RALTS,PSYCHIC,FAIRY,WHITE,HUMAN-LIKE,AMORPHOUS
KIRLIA,PSYCHIC,FAIRY,WHITE,HUMAN-LIKE,AMORPHOUS
GARDEVOIR,PSYCHIC,FAIRY,WHITE,HUMAN-LIKE,AMORPHOUS
MEGA GARDEVOIR,PSYCHIC,FAIRY,WHITE,HUMAN-LIKE,AMORPHOUS
SURSKIT,BUG,WATER,BLUE,WATER 1,BUG
MASQUERAIN,BUG,FLYING,BLUE,WATER 1,BUG
SHROOMISH,GRASS,GRASS,BROWN,FAIRY,GRASS
BRELOOM,GRASS,FIGHTING,GREEN,FAIRY,GRASS
SLAKOTH,NORMAL,NORMAL,BROWN,FIELD,FIELD
VIGOROTH,NORMAL,NORMAL,WHITE,FIELD,FIELD
SLAKING,NORMAL,NORMAL,BROWN,FIELD,FIELD
NINCADA,BUG,GROUND,GRAY,BUG,BUG
NINJASK,BUG,FLYING,YELLOW,BUG,BUG
SHEDINJA,BUG,GHOST,BROWN,MINERAL,MINERAL
WHISMUR,NORMAL,NORMAL,PINK,MONSTER,FIELD
LOUDRED,NORMAL,NORMAL,BLUE,MONSTER,FIELD
EXPLOUD,NORMAL,NORMAL,BLUE,MONSTER,FIELD
MAKUHITA,FIGHTING,FIGHTING,YELLOW,HUMAN-LIKE,HUMAN-LIKE
HARIYAMA,FIGHTING,FIGHTING,BROWN,HUMAN-LIKE,HUMAN-LIKE
AZURILL,NORMAL,FAIRY,BLUE,UNDISCOVERED,UNDISCOVERED
NOSEPASS,ROCK,ROCK,GRAY,MINERAL,MINERAL
SKITTY,NORMAL,NORMAL,PINK,FIELD,FAIRY
DELCATTY,NORMAL,NORMAL,PURPLE,FIELD,FAIRY
SABLEYE,DARK,GHOST,PURPLE,HUMAN-LIKE,HUMAN-LIKE
MEGA SABLEYE,DARK,GHOST,PURPLE,HUMAN-LIKE,HUMAN-LIKE
MAWILE,STEEL,FAIRY,BLACK,FIELD,FAIRY
MEGA MAWILE,STEEL,FAIRY,BLACK,FIELD,FAIRY
ARON,STEEL,ROCK,GRAY,MONSTER,MONSTER
LAIRON,STEEL,ROCK,GRAY,MONSTER,MONSTER
AGGRON,STEEL,ROCK,GRAY,MONSTER,MONSTER
MEGA AGGRON,STEEL,STEEL,GRAY,MONSTER,MONSTER
MEDITITE,FIGHTING,PSYCHIC,BLUE,HUMAN-LIKE,HUMAN-LIKE
MEDICHAM,FIGHTING,PSYCHIC,RED,HUMAN-LIKE,HUMAN-LIKE
MEGA MEDICHAM,FIGHTING,PSYCHIC,RED,HUMAN-LIKE,HUMAN-LIKE
ELECTRIKE,ELECTRIC,ELECTRIC,GREEN,FIELD,FIELD
MANECTRIC,ELECTRIC,ELECTRIC,YELLOW,FIELD,FIELD
MEGA MANECTRIC,ELECTRIC,ELECTRIC,YELLOW,FIELD,FIELD
PLUSLE,ELECTRIC,ELECTRIC,YELLOW,FAIRY,FAIRY
MINUN,ELECTRIC,ELECTRIC,YELLOW,FAIRY,FAIRY
VOLBEAT,BUG,BUG,GRAY,BUG,HUMAN-LIKE
ILLUMISE,BUG,BUG,PURPLE,BUG,HUMAN-LIKE
ROSELIA,GRASS,POISON,GREEN,FAIRY,GRASS
GULPIN,POISON,POISON,GREEN,AMORPHOUS,AMORPHOUS
SWALOT,POISON,POISON,PURPLE,AMORPHOUS,AMORPHOUS
CARVANHA,WATER,DARK,RED,WATER 2,WATER 2
SHARPEDO,WATER,DARK,BLUE,WATER 2,WATER 2
MEGA SHARPEDO,WATER,DARK,BLUE,WATER 2,WATER 2
WAILMER,WATER,WATER,BLUE,FIELD,WATER 2
WAILORD,WATER,WATER,BLUE,FIELD,WATER 2
NUMEL,FIRE,GROUND,YELLOW,FIELD,FIELD
CAMERUPT,FIRE,GROUND,RED,FIELD,FIELD
MEGA CAMERUPT,FIRE,GROUND,RED,FIELD,FIELD
TORKOAL,FIRE,FIRE,BROWN,FIELD,FIELD
SPOINK,PSYCHIC,PSYCHIC,BLACK,FIELD,FIELD
GRUMPIG,PSYCHIC,PSYCHIC,PURPLE,FIELD,FIELD
SPINDA,NORMAL,NORMAL,BROWN,FIELD,HUMAN-LIKE
TRAPINCH,GROUND,GROUND,BROWN,BUG,DRAGON
VIBRAVA,GROUND,DRAGON,GREEN,BUG,DRAGON
FLYGON,GROUND,DRAGON,GREEN,BUG,DRAGON
CACNEA,GRASS,GRASS,GREEN,GRASS,HUMAN-LIKE
CACTURNE,GRASS,DARK,GREEN,GRASS,HUMAN-LIKE
SWABLU,NORMAL,FLYING,BLUE,FLYING,DRAGON
ALTARIA,DRAGON,FLYING,BLUE,FLYING,DRAGON
MEGA ALTARIA,DRAGON,FAIRY,BLUE,FLYING,DRAGON
ZANGOOSE,NORMAL,NORMAL,WHITE,FIELD,FIELD
SEVIPER,POISON,POISON,BLACK,FIELD,DRAGON
LUNATONE,ROCK,PSYCHIC,YELLOW,MINERAL,MINERAL
SOLROCK,ROCK,PSYCHIC,RED,MINERAL,MINERAL
BARBOACH,WATER,GROUND,GRAY,WATER 2,WATER 2
WHISCASH,WATER,GROUND,BLUE,WATER 2,WATER 2
CORPHISH,WATER,WATER,RED,WATER 1,WATER 3
CRAWDAUNT,WATER,DARK,RED,WATER 1,WATER 3
BALTOY,GROUND,PSYCHIC,BROWN,MINERAL,MINERAL
CLAYDOL,GROUND,PSYCHIC,BLACK,MINERAL,MINERAL
LILEEP,ROCK,GRASS,PURPLE,WATER 3,WATER 3
CRADILY,ROCK,GRASS,GREEN,WATER 3,WATER 3
ANORITH,ROCK,BUG,GRAY,WATER 3,WATER 3
ARMALDO,ROCK,BUG,GRAY,WATER 3,WATER 3
FEEBAS,WATER,WATER,BROWN,WATER 1,DRAGON
MILOTIC,WATER,WATER,PINK,WATER 1,DRAGON
CASTFORM,NORMAL,NORMAL,GRAY,FAIRY,AMORPHOUS
SUNNY CASTFORM,FIRE,FIRE,RED,FAIRY,AMORPHOUS
RAINY CASTFORM,WATER,WATER,BLUE,FAIRY,AMORPHOUS
SNOWY CASTFORM,ICE,ICE,WHITE,FAIRY,AMORPHOUS
KECLEON,NORMAL,NORMAL,GREEN,FIELD,FIELD
SHUPPET,GHOST,GHOST,BLACK,AMORPHOUS,AMORPHOUS
BANETTE,GHOST,GHOST,BLACK,AMORPHOUS,AMORPHOUS
MEGA BANETTE,GHOST,GHOST,BLACK,AMORPHOUS,AMORPHOUS
DUSKULL,GHOST,GHOST,BLACK,AMORPHOUS,AMORPHOUS
DUSCLOPS,GHOST,GHOST,BLACK,AMORPHOUS,AMORPHOUS
TROPIUS,GRASS,FLYING,GREEN,MONSTER,GRASS
CHIMECHO,PSYCHIC,PSYCHIC,BLUE,AMORPHOUS,AMORPHOUS
ABSOL,DARK,DARK,WHITE,FIELD,FIELD
MEGA ABSOL,DARK,DARK,WHITE,FIELD,FIELD
WYNAUT,PSYCHIC,PSYCHIC,BLUE,UNDISCOVERED,UNDISCOVERED
SNORUNT,ICE,ICE,GRAY,FAIRY,MINERAL
GLALIE,ICE,ICE,GRAY,FAIRY,MINERAL
MEGA GLALIE,ICE,ICE,GRAY,FAIRY,MINERAL
SPHEAL,ICE,WATER,BLUE,WATER 1,FIELD
SEALEO,ICE,WATER,BLUE,WATER 1,FIELD
WALREIN,ICE,WATER,BLUE,WATER 1,FIELD
CLAMPERL,WATER,WATER,BLUE,WATER 1,WATER 1
HUNTAIL,WATER,WATER,BLUE,WATER 1,WATER 1
GOREBYSS,WATER,WATER,PINK,WATER 1,WATER 1
RELICANTH,WATER,WATER,GRAY,WATER 1,WATER 2
LUVDISC,WATER,WATER,PINK,WATER 2,WATER 2
BAGON,DRAGON,DRAGON,BLUE,DRAGON,DRAGON
SHELGON,DRAGON,DRAGON,WHITE,DRAGON,DRAGON
SALAMENCE,DRAGON,FLYING,BLUE,DRAGON,DRAGON
MEGA SALAMENCE,DRAGON,FLYING,BLUE,DRAGON,DRAGON
BELDUM,STEEL,PSYCHIC,BLUE,MINERAL,MINERAL
METANG,STEEL,PSYCHIC,BLUE,MINERAL,MINERAL
METAGROSS,STEEL,PSYCHIC,BLUE,MINERAL,MINERAL
MEGA METAGROSS,STEEL,PSYCHIC,BLUE,MINERAL,MINERAL
TURTWIG,GRASS,GRASS,GREEN,MONSTER,GRASS
GROTLE,GRASS,GRASS,GREEN,MONSTER,GRASS
TORTERRA,GRASS,GROUND,GREEN,MONSTER,GRASS
CHIMCHAR,FIRE,FIRE,BROWN,FIELD,HUMAN-LIKE
MONFERNO,FIRE,FIGHTING,BROWN,FIELD,HUMAN-LIKE
INFERNAPE,FIRE,FIGHTING,BROWN,FIELD,HUMAN-LIKE
PIPLUP,WATER,WATER,BLUE,WATER 1,FIELD
PRINPLUP,WATER,WATER,BLUE,WATER 1,FIELD
EMPOLEON,WATER,STEEL,BLUE,WATER 1,FIELD
STARLY,NORMAL,FLYING,BROWN,FLYING,FLYING
STARAVIA,NORMAL,FLYING,BROWN,FLYING,FLYING
STARAPTOR,NORMAL,FLYING,BROWN,FLYING,FLYING
BIDOOF,NORMAL,NORMAL,BROWN,WATER 1,FIELD
BIBAREL,NORMAL,WATER,BROWN,WATER 1,FIELD
KRICKETOT,BUG,BUG,RED,BUG,BUG
KRICKETUNE,BUG,BUG,RED,BUG,BUG
SHINX,ELECTRIC,ELECTRIC,BLUE,FIELD,FIELD
LUXIO,ELECTRIC,ELECTRIC,BLUE,FIELD,FIELD
LUXRAY,ELECTRIC,ELECTRIC,BLUE,FIELD,FIELD
BUDEW,GRASS,POISON,GREEN,UNDISCOVERED,UNDISCOVERED
ROSERADE,GRASS,POISON,GREEN,FAIRY,GRASS
CRANIDOS,ROCK,ROCK,BLUE,MONSTER,MONSTER
RAMPARDOS,ROCK,ROCK,BLUE,MONSTER,MONSTER
SHIELDON,ROCK,STEEL,GRAY,MONSTER,MONSTER
BASTIODON,ROCK,STEEL,GRAY,MONSTER,MONSTER
BURMY PLANT CLOAK,BUG,BUG,GREEN,BUG,BUG
BURMY SAND CLOAK,BUG,BUG,BROWN,BUG,BUG
BURMY TRASH CLOAK,BUG,BUG,RED,BUG,BUG
WORMADAM PLANT CLOAK,BUG,GRASS,GREEN,BUG,BUG
WORMADAM SAND CLOAK,BUG,GROUND,BROWN,BUG,BUG
WORMADAM TRASH CLOAK,BUG,STEEL,RED,BUG,BUG
MOTHIM,BUG,FLYING,YELLOW,BUG,BUG
COMBEE,BUG,FLYING,YELLOW,BUG,BUG
VESPIQUEN,BUG,FLYING,YELLOW,BUG,BUG
PACHIRISU,ELECTRIC,ELECTRIC,WHITE,FIELD,FAIRY
BUIZEL,WATER,WATER,BROWN,WATER 1,FIELD
FLOATZEL,WATER,WATER,BROWN,WATER 1,FIELD
CHERUBI,GRASS,GRASS,PINK,FAIRY,GRASS
CHERRIM,GRASS,GRASS,PURPLE,FAIRY,GRASS
CHERRIM SUNSHINE,GRASS,GRASS,PINK,FAIRY,GRASS
SHELLOS EAST SEA,WATER,WATER,BLUE,WATER 1,AMORPHOUS
SHELLOS WEST SEA,WATER,WATER,PURPLE,WATER 1,AMORPHOUS
GASTRODON EAST SEA,WATER,GROUND,BLUE,WATER 1,AMORPHOUS
GASTRODON WEST SEA,WATER,GROUND,PURPLE,WATER 1,AMORPHOUS
AMBIPOM,NORMAL,NORMAL,PURPLE,FIELD,FIELD
DRIFLOON,GHOST,FLYING,PURPLE,AMORPHOUS,AMORPHOUS
DRIFBLIM,GHOST,FLYING,PURPLE,AMORPHOUS,AMORPHOUS
BUNEARY,NORMAL,NORMAL,BROWN,FIELD,HUMAN-LIKE
LOPUNNY,NORMAL,NORMAL,BROWN,FIELD,HUMAN-LIKE
MEGA LOPUNNY,NORMAL,FIGHTING,BROWN,FIELD,HUMAN-LIKE
MISMAGIUS,GHOST,GHOST,PURPLE,AMORPHOUS,AMORPHOUS
HONCHKROW,DARK,FLYING,BLACK,FLYING,FLYING
GLAMEOW,NORMAL,NORMAL,GRAY,FIELD,FIELD
PURUGLY,NORMAL,NORMAL,GRAY,FIELD,FIELD
CHINGLING,PSYCHIC,PSYCHIC,YELLOW,UNDISCOVERED,UNDISCOVERED
STUNKY,POISON,DARK,PURPLE,FIELD,FIELD
SKUNTANK,POISON,DARK,PURPLE,FIELD,FIELD
BRONZOR,STEEL,PSYCHIC,GREEN,MINERAL,MINERAL
BRONZONG,STEEL,PSYCHIC,GREEN,MINERAL,MINERAL
BONSLY,ROCK,ROCK,BROWN,UNDISCOVERED,UNDISCOVERED
MIME JR.,PSYCHIC,FAIRY,PINK,UNDISCOVERED,UNDISCOVERED
HAPPINY,NORMAL,NORMAL,PINK,UNDISCOVERED,UNDISCOVERED
CHATOT,NORMAL,FLYING,BLACK,FLYING,FLYING
SPIRITOMB,GHOST,DARK,PURPLE,AMORPHOUS,AMORPHOUS
GIBLE,DRAGON,DRAGON,BLUE,MONSTER,DRAGON
GABITE,DRAGON,DRAGON,BLUE,MONSTER,DRAGON
GARCHOMP,DRAGON,GROUND,BLUE,MONSTER,DRAGON
MEGA GARCHOMP,DRAGON,GROUND,BLUE,MONSTER,DRAGON
MUNCHLAX,NORMAL,NORMAL,BLACK,UNDISCOVERED,UNDISCOVERED
RIOLU,FIGHTING,FIGHTING,BLUE,UNDISCOVERED,UNDISCOVERED
LUCARIO,FIGHTING,STEEL,BLUE,FIELD,HUMAN-LIKE
MEGA LUCARIO,FIGHTING,STEEL,BLUE,FIELD,HUMAN-LIKE
HIPPOPOTAS,GROUND,GROUND,BROWN,FIELD,FIELD
HIPPOWDON,GROUND,GROUND,BROWN,FIELD,FIELD
SKORUPI,POISON,BUG,PURPLE,BUG,WATER 3
DRAPION,POISON,DARK,PURPLE,BUG,WATER 3
CROAGUNK,POISON,FIGHTING,BLUE,HUMAN-LIKE,HUMAN-LIKE
TOXICROAK,POISON,FIGHTING,BLUE,HUMAN-LIKE,HUMAN-LIKE
CARNIVINE,GRASS,GRASS,GREEN,GRASS,GRASS
FINNEON,WATER,WATER,BLUE,WATER 2,WATER 2
LUMINEON,WATER,WATER,BLUE,WATER 2,WATER 2
MANTYKE,WATER,FLYING,BLUE,UNDISCOVERED,UNDISCOVERED
SNOVER,GRASS,ICE,WHITE,MONSTER,GRASS
ABOMASNOW,GRASS,ICE,WHITE,MONSTER,GRASS
MEGA ABOMASNOW,GRASS,ICE,WHITE,MONSTER,GRASS
WEAVILE,DARK,ICE,BLACK,FIELD,FIELD
MAGNEZONE,ELECTRIC,STEEL,GRAY,MINERAL,MINERAL
LICKILICKY,NORMAL,NORMAL,PINK,MONSTER,MONSTER
RHYPERIOR,GROUND,ROCK,GRAY,MONSTER,FIELD
TANGROWTH,GRASS,GRASS,BLUE,GRASS,GRASS
ELECTIVIRE,ELECTRIC,ELECTRIC,YELLOW,HUMAN-LIKE,HUMAN-LIKE
MAGMORTAR,FIRE,FIRE,RED,HUMAN-LIKE,HUMAN-LIKE
TOGEKISS,FAIRY,FLYING,WHITE,FLYING,FAIRY
YANMEGA,BUG,FLYING,GREEN,BUG,BUG
LEAFEON,GRASS,GRASS,GREEN,FIELD,FIELD
GLACEON,ICE,ICE,BLUE,FIELD,FIELD
GLISCOR,GROUND,FLYING,PURPLE,BUG,BUG
MAMOSWINE,ICE,GROUND,BROWN,FIELD,FIELD
PORYGON-Z,NORMAL,NORMAL,RED,MINERAL,MINERAL
GALLADE,PSYCHIC,FIGHTING,WHITE,HUMAN-LIKE,AMORPHOUS
MEGA GALLADE,PSYCHIC,FIGHTING,WHITE,HUMAN-LIKE,AMORPHOUS
PROBOPASS,ROCK,STEEL,GRAY,MINERAL,MINERAL
DUSKNOIR,GHOST,GHOST,BLACK,AMORPHOUS,AMORPHOUS
FROSLASS,ICE,GHOST,WHITE,FAIRY,MINERAL
ROTOM,ELECTRIC,GHOST,RED,AMORPHOUS,AMORPHOUS
HEAT ROTOM,ELECTRIC,FIRE,RED,AMORPHOUS,AMORPHOUS
WASH ROTOM,ELECTRIC,WATER,RED,AMORPHOUS,AMORPHOUS
FROST ROTOM,ELECTRIC,ICE,RED,AMORPHOUS,AMORPHOUS
FAN ROTOM,ELECTRIC,FLYING,RED,AMORPHOUS,AMORPHOUS
MOW ROTOM,ELECTRIC,GRASS,RED,AMORPHOUS,AMORPHOUS
SNIVY,GRASS,GRASS,GREEN,FIELD,GRASS
SERVINE,GRASS,GRASS,GREEN,FIELD,GRASS
SERPERIOR,GRASS,GRASS,GREEN,FIELD,GRASS
TEPIG,FIRE,FIRE,RED,FIELD,FIELD
PIGNITE,FIRE,FIGHTING,RED,FIELD,FIELD
EMBOAR,FIRE,FIGHTING,RED,FIELD,FIELD
OSHAWOTT,WATER,WATER,BLUE,FIELD,FIELD
DEWOTT,WATER,WATER,BLUE,FIELD,FIELD
SAMUROTT,WATER,WATER,BLUE,FIELD,FIELD
PATRAT,NORMAL,NORMAL,BROWN,FIELD,FIELD
WATCHOG,NORMAL,NORMAL,BROWN,FIELD,FIELD
LILLIPUP,NORMAL,NORMAL,BROWN,FIELD,FIELD
HERDIER,NORMAL,NORMAL,GRAY,FIELD,FIELD
STOUTLAND,NORMAL,NORMAL,GRAY,FIELD,FIELD
PURRLOIN,DARK,DARK,PURPLE,FIELD,FIELD
LIEPARD,DARK,DARK,PURPLE,FIELD,FIELD
PANSAGE,GRASS,GRASS,GREEN,FIELD,FIELD
SIMISAGE,GRASS,GRASS,GREEN,FIELD,FIELD
PANSEAR,FIRE,FIRE,RED,FIELD,FIELD
SIMISEAR,FIRE,FIRE,RED,FIELD,FIELD
PANPOUR,WATER,WATER,BLUE,FIELD,FIELD
SIMIPOUR,WATER,WATER,BLUE,FIELD,FIELD
MUNNA,PSYCHIC,PSYCHIC,PINK,FIELD,FIELD
MUSHARNA,PSYCHIC,PSYCHIC,PINK,FIELD,FIELD
PIDOVE,NORMAL,FLYING,GRAY,FLYING,FLYING
TRANQUILL,NORMAL,FLYING,GRAY,FLYING,FLYING
UNFEZANT♂,NORMAL,FLYING,GRAY,FLYING,FLYING
UNFEZANT♀,NORMAL,FLYING,GRAY,FLYING,FLYING
BLITZLE,ELECTRIC,ELECTRIC,BLACK,FIELD,FIELD
ZEBSTRIKA,ELECTRIC,ELECTRIC,BLACK,FIELD,FIELD
ROGGENROLA,ROCK,ROCK,BLUE,MINERAL,MINERAL
BOLDORE,ROCK,ROCK,BLUE,MINERAL,MINERAL
GIGALITH,ROCK,ROCK,BLUE,MINERAL,MINERAL
WOOBAT,PSYCHIC,FLYING,BLUE,FIELD,FLYING
SWOOBAT,PSYCHIC,FLYING,BLUE,FIELD,FLYING
DRILBUR,GROUND,GROUND,GRAY,FIELD,FIELD
EXCADRILL,GROUND,STEEL,GRAY,FIELD,FIELD
AUDINO,NORMAL,NORMAL,PINK,FAIRY,FAIRY
MEGA AUDINO,NORMAL,FAIRY,WHITE,FAIRY,FAIRY
TIMBURR,FIGHTING,FIGHTING,GRAY,HUMAN-LIKE,HUMAN-LIKE
GURDURR,FIGHTING,FIGHTING,GRAY,HUMAN-LIKE,HUMAN-LIKE
CONKELDURR,FIGHTING,FIGHTING,BROWN,HUMAN-LIKE,HUMAN-LIKE
TYMPOLE,WATER,WATER,BLUE,WATER 1,WATER 1
PALPITOAD,WATER,GROUND,BLUE,WATER 1,WATER 1
SEISMITOAD,WATER,GROUND,BLUE,WATER 1,WATER 1
THROH,FIGHTING,FIGHTING,RED,HUMAN-LIKE,HUMAN-LIKE
SAWK,FIGHTING,FIGHTING,BLUE,HUMAN-LIKE,HUMAN-LIKE
SEWADDLE,BUG,GRASS,YELLOW,BUG,BUG
SWADLOON,BUG,GRASS,GREEN,BUG,BUG
LEAVANNY,BUG,GRASS,YELLOW,BUG,BUG
VENIPEDE,BUG,POISON,RED,BUG,BUG
WHIRLIPEDE,BUG,POISON,GRAY,BUG,BUG
SCOLIPEDE,BUG,POISON,RED,BUG,BUG
COTTONEE,GRASS,FAIRY,GREEN,GRASS,FAIRY
WHIMSICOTT,GRASS,FAIRY,GREEN,GRASS,FAIRY
PETILIL,GRASS,GRASS,GREEN,GRASS,GRASS
LILLIGANT,GRASS,GRASS,GREEN,GRASS,GRASS
RED-STRIPED BASCULIN,WATER,WATER,GREEN,WATER 2,WATER 2
BLUE-STRIPED BASCULIN,WATER,WATER,GREEN,WATER 2,WATER 2
SANDILE,GROUND,DARK,BROWN,FIELD,FIELD
KROKOROK,GROUND,DARK,BROWN,FIELD,FIELD
KROOKODILE,GROUND,DARK,RED,FIELD,FIELD
DARUMAKA,FIRE,FIRE,RED,FIELD,FIELD
GALARIAN DARUMAKA,ICE,ICE,WHITE,FIELD,FIELD
DARMANITAN,FIRE,FIRE,RED,FIELD,FIELD
DARMANITAN ZEN MODE,FIRE,PSYCHIC,BLUE,FIELD,FIELD
GALARIAN DARMANITAN,ICE,ICE,WHITE,FIELD,FIELD
GALARIAN DARMANITAN ZEN MODE,ICE,FIRE,WHITE,FIELD,FIELD
MARACTUS,GRASS,GRASS,GREEN,GRASS,GRASS
DWEBBLE,BUG,ROCK,RED,BUG,MINERAL
CRUSTLE,BUG,ROCK,RED,BUG,MINERAL
SCRAGGY,DARK,FIGHTING,YELLOW,FIELD,DRAGON
SCRAFTY,DARK,FIGHTING,RED,FIELD,DRAGON
SIGILYPH,PSYCHIC,FLYING,BLACK,FLYING,FLYING
YAMASK,GHOST,GHOST,BLACK,MINERAL,AMORPHOUS
GALARIAN YAMASK,GROUND,GHOST,BLACK,MINERAL,AMORPHOUS
COFAGRIGUS,GHOST,GHOST,YELLOW,MINERAL,AMORPHOUS
TIRTOUGA,WATER,ROCK,BLUE,WATER 1,WATER 3
CARRACOSTA,WATER,ROCK,BLUE,WATER 1,WATER 3
ARCHEN,ROCK,FLYING,YELLOW,FLYING,WATER 3
ARCHEOPS,ROCK,FLYING,YELLOW,FLYING,WATER 3
TRUBBISH,POISON,POISON,GREEN,MINERAL,MINERAL
GARBODOR,POISON,POISON,GREEN,MINERAL,MINERAL
GIGANTAMAX GARBODOR,POISON,POISON,GREEN,MINERAL,MINERAL
ZORUA,DARK,DARK,GRAY,FIELD,FIELD
ZOROARK,DARK,DARK,GRAY,FIELD,FIELD
MINCCINO,NORMAL,NORMAL,GRAY,FIELD,FIELD
CINCCINO,NORMAL,NORMAL,GRAY,FIELD,FIELD
GOTHITA,PSYCHIC,PSYCHIC,PURPLE,HUMAN-LIKE,HUMAN-LIKE
GOTHORITA,PSYCHIC,PSYCHIC,PURPLE,HUMAN-LIKE,HUMAN-LIKE
GOTHITELLE,PSYCHIC,PSYCHIC,PURPLE,HUMAN-LIKE,HUMAN-LIKE
SOLOSIS,PSYCHIC,PSYCHIC,GREEN,AMORPHOUS,AMORPHOUS
DUOSION,PSYCHIC,PSYCHIC,GREEN,AMORPHOUS,AMORPHOUS
REUNICLUS,PSYCHIC,PSYCHIC,GREEN,AMORPHOUS,AMORPHOUS
DUCKLETT,WATER,FLYING,BLUE,WATER 1,FLYING
SWANNA,WATER,FLYING,WHITE,WATER 1,FLYING
VANILLITE,ICE,ICE,WHITE,MINERAL,MINERAL
VANILLISH,ICE,ICE,WHITE,MINERAL,MINERAL
VANILLUXE,ICE,ICE,WHITE,MINERAL,MINERAL
DEERLING SPRING,NORMAL,GRASS,PINK,FIELD,FIELD
DEERLING SUMMER,NORMAL,GRASS,GREEN,FIELD,FIELD
DEERLING AUTUMN,NORMAL,GRASS,RED,FIELD,FIELD
DEERLING WINTER,NORMAL,GRASS,BROWN,FIELD,FIELD
SAWSBUCK SPRING,NORMAL,GRASS,BROWN,FIELD,FIELD
SAWSBUCK SUMMER,NORMAL,GRASS,BROWN,FIELD,FIELD
SAWSBUCK AUTUMN,NORMAL,GRASS,BROWN,FIELD,FIELD
SAWSBUCK WINTER,NORMAL,GRASS,BROWN,FIELD,FIELD
EMOLGA,ELECTRIC,FLYING,WHITE,FIELD,FIELD
KARRABLAST,BUG,BUG,BLUE,BUG,BUG
ESCAVALIER,BUG,STEEL,GRAY,BUG,BUG
FOONGUS,GRASS,POISON,WHITE,GRASS,GRASS
AMOONGUSS,GRASS,POISON,WHITE,GRASS,GRASS
FRILLISH♂,WATER,GHOST,BLUE,AMORPHOUS,AMORPHOUS
FRILLISH♀,WATER,GHOST,PINK,AMORPHOUS,AMORPHOUS
JELLICENT♂,WATER,GHOST,BLUE,AMORPHOUS,AMORPHOUS
JELLICENT♀,WATER,GHOST,PINK,AMORPHOUS,AMORPHOUS
ALOMOMOLA,WATER,WATER,PINK,WATER 1,WATER 2
JOLTIK,BUG,ELECTRIC,YELLOW,BUG,BUG
GALVANTULA,BUG,ELECTRIC,YELLOW,BUG,BUG
FERROSEED,GRASS,STEEL,GRAY,GRASS,MINERAL
FERROTHORN,GRASS,STEEL,GRAY,GRASS,MINERAL
KLINK,STEEL,STEEL,GRAY,MINERAL,MINERAL
KLANG,STEEL,STEEL,GRAY,MINERAL,MINERAL
KLINKLANG,STEEL,STEEL,GRAY,MINERAL,MINERAL
TYNAMO,ELECTRIC,ELECTRIC,WHITE,AMORPHOUS,AMORPHOUS
EELEKTRIK,ELECTRIC,ELECTRIC,BLUE,AMORPHOUS,AMORPHOUS
EELEKTROSS,ELECTRIC,ELECTRIC,BLUE,AMORPHOUS,AMORPHOUS
ELGYEM,PSYCHIC,PSYCHIC,BLUE,HUMAN-LIKE,HUMAN-LIKE
BEHEEYEM,PSYCHIC,PSYCHIC,BROWN,HUMAN-LIKE,HUMAN-LIKE
LITWICK,GHOST,FIRE,WHITE,AMORPHOUS,AMORPHOUS
LAMPENT,GHOST,FIRE,BLACK,AMORPHOUS,AMORPHOUS
CHANDELURE,GHOST,FIRE,BLACK,AMORPHOUS,AMORPHOUS
AXEW,DRAGON,DRAGON,GREEN,MONSTER,DRAGON
FRAXURE,DRAGON,DRAGON,GREEN,MONSTER,DRAGON
HAXORUS,DRAGON,DRAGON,YELLOW,MONSTER,DRAGON
CUBCHOO,ICE,ICE,WHITE,FIELD,FIELD
BEARTIC,ICE,ICE,WHITE,FIELD,FIELD
CRYOGONAL,ICE,ICE,BLUE,MINERAL,MINERAL
SHELMET,BUG,BUG,RED,BUG,BUG
ACCELGOR,BUG,BUG,RED,BUG,BUG
STUNFISK,GROUND,ELECTRIC,BROWN,WATER 1,AMORPHOUS
GALARIAN STUNFISK,GROUND,STEEL,GREEN,WATER 1,AMORPHOUS
MIENFOO,FIGHTING,FIGHTING,YELLOW,FIELD,HUMAN-LIKE
MIENSHAO,FIGHTING,FIGHTING,PURPLE,FIELD,HUMAN-LIKE
DRUDDIGON,DRAGON,DRAGON,RED,DRAGON,MONSTER
GOLETT,GROUND,GHOST,GREEN,MINERAL,MINERAL
GOLURK,GROUND,GHOST,GREEN,MINERAL,MINERAL
PAWNIARD,DARK,STEEL,RED,HUMAN-LIKE,HUMAN-LIKE
BISHARP,DARK,STEEL,RED,HUMAN-LIKE,HUMAN-LIKE
BOUFFALANT,NORMAL,NORMAL,BROWN,FIELD,FIELD
RUFFLET,NORMAL,FLYING,WHITE,FLYING,FLYING
BRAVIARY,NORMAL,FLYING,RED,FLYING,FLYING
VULLABY,DARK,FLYING,BROWN,FLYING,FLYING
MANDIBUZZ,DARK,FLYING,BROWN,FLYING,FLYING
HEATMOR,FIRE,FIRE,RED,FIELD,FIELD
DURANT,BUG,STEEL,GRAY,BUG,BUG
DEINO,DARK,DRAGON,BLUE,DRAGON,DRAGON
ZWEILOUS,DARK,DRAGON,BLUE,DRAGON,DRAGON
HYDREIGON,DARK,DRAGON,BLUE,DRAGON,DRAGON
LARVESTA,BUG,FIRE,WHITE,BUG,BUG
VOLCARONA,BUG,FIRE,WHITE,BUG,BUG
CHESPIN,GRASS,GRASS,GREEN,FIELD,FIELD
QUILLADIN,GRASS,GRASS,GREEN,FIELD,FIELD
CHESNAUGHT,GRASS,FIGHTING,GREEN,FIELD,FIELD
FENNEKIN,FIRE,FIRE,RED,FIELD,FIELD
BRAIXEN,FIRE,FIRE,RED,FIELD,FIELD
DELPHOX,FIRE,PSYCHIC,RED,FIELD,FIELD
FROAKIE,WATER,WATER,BLUE,WATER 1,WATER 1
FROGADIER,WATER,WATER,BLUE,WATER 1,WATER 1
GRENINJA,WATER,DARK,BLUE,WATER 1,WATER 1
ASH GRENINJA,WATER,DARK,BLUE,WATER 1,WATER 1
BUNNELBY,NORMAL,NORMAL,BROWN,FIELD,FIELD
DIGGERSBY,NORMAL,GROUND,BROWN,FIELD,FIELD
FLETCHLING,NORMAL,FLYING,RED,FLYING,FLYING
FLETCHINDER,FIRE,FLYING,RED,FLYING,FLYING
TALONFLAME,FIRE,FLYING,RED,FLYING,FLYING
SCATTERBUG,BUG,BUG,BLACK,BUG,BUG
SPEWPA,BUG,BUG,BLACK,BUG,BUG
VIVILLON,BUG,FLYING,VARIOUS,BUG,BUG
LITLEO,FIRE,NORMAL,BROWN,FIELD,FIELD
PYROAR♂,FIRE,NORMAL,BROWN,FIELD,FIELD
PYROAR♀,FIRE,NORMAL,BROWN,FIELD,FIELD
FLABEBE,FAIRY,FAIRY,WHITE,FAIRY,FAIRY
FLOETTE,FAIRY,FAIRY,WHITE,FAIRY,FAIRY
FLORGES,FAIRY,FAIRY,WHITE,FAIRY,FAIRY
SKIDDO,GRASS,GRASS,BROWN,FIELD,FIELD
GOGOAT,GRASS,GRASS,BROWN,FIELD,FIELD
PANCHAM,FIGHTING,FIGHTING,WHITE,FIELD,HUMAN-LIKE
PANGORO,FIGHTING,DARK,WHITE,FIELD,HUMAN-LIKE
FURFROU,NORMAL,NORMAL,WHITE,FIELD,FIELD
ESPURR,PSYCHIC,PSYCHIC,GRAY,FIELD,FIELD
MEOWSTIC♂,PSYCHIC,PSYCHIC,BLUE,FIELD,FIELD
MEOWSTIC♀,PSYCHIC,PSYCHIC,WHITE,FIELD,FIELD
HONEDGE,STEEL,GHOST,BROWN,MINERAL,MINERAL
DOUBLADE,STEEL,GHOST,BROWN,MINERAL,MINERAL
AEGISLASH,STEEL,GHOST,BROWN,MINERAL,MINERAL
SPRITZEE,FAIRY,FAIRY,PINK,FAIRY,FAIRY
AROMATISSE,FAIRY,FAIRY,PINK,FAIRY,FAIRY
SWIRLIX,FAIRY,FAIRY,WHITE,FAIRY,FAIRY
SLURPUFF,FAIRY,FAIRY,WHITE,FAIRY,FAIRY
INKAY,DARK,PSYCHIC,BLUE,WATER 1,WATER 2
MALAMAR,DARK,PSYCHIC,BLUE,WATER 1,WATER 2
BINACLE,ROCK,WATER,BROWN,WATER 3,WATER 3
BARBARACLE,ROCK,WATER,BROWN,WATER 3,WATER 3
SKRELP,POISON,WATER,BROWN,WATER 1,DRAGON
DRAGALGE,POISON,DRAGON,BROWN,WATER 1,DRAGON
CLAUNCHER,WATER,WATER,BLUE,WATER 1,WATER 3
CLAWITZER,WATER,WATER,BLUE,WATER 1,WATER 3
HELIOPTILE,ELECTRIC,NORMAL,YELLOW,MONSTER,DRAGON
HELIOLISK,ELECTRIC,NORMAL,YELLOW,MONSTER,DRAGON
TYRUNT,ROCK,DRAGON,BROWN,MONSTER,DRAGON
TYRANTRUM,ROCK,DRAGON,RED,MONSTER,DRAGON
AMAURA,ROCK,ICE,BLUE,MONSTER,MONSTER
AURORUS,ROCK,ICE,BLUE,MONSTER,MONSTER
SYLVEON,FAIRY,FAIRY,PINK,FIELD,FIELD
HAWLUCHA,FIGHTING,FLYING,GREEN,FLYING,HUMAN-LIKE
DEDENNE,ELECTRIC,FAIRY,YELLOW,FIELD,FAIRY
CARBINK,ROCK,FAIRY,GRAY,FAIRY,MINERAL
GOOMY,DRAGON,DRAGON,PURPLE,DRAGON,DRAGON
SLIGGOO,DRAGON,DRAGON,PURPLE,DRAGON,DRAGON
GOODRA,DRAGON,DRAGON,PURPLE,DRAGON,DRAGON
KLEFKI,STEEL,FAIRY,GRAY,MINERAL,MINERAL
PHANTUMP,GHOST,GRASS,BROWN,GRASS,AMORPHOUS
TREVENANT,GHOST,GRASS,BROWN,GRASS,AMORPHOUS
PUMPKABOO,GHOST,GRASS,BROWN,AMORPHOUS,AMORPHOUS
GOURGEIST,GHOST,GRASS,BROWN,AMORPHOUS,AMORPHOUS
BERGMITE,ICE,ICE,BLUE,MONSTER,MINERAL
AVALUGG,ICE,ICE,BLUE,MONSTER,MINERAL
NOIBAT,FLYING,DRAGON,PURPLE,FLYING,DRAGON
NOIVERN,FLYING,DRAGON,PURPLE,FLYING,DRAGON
ROWLET,GRASS,FLYING,BROWN,FLYING,FLYING
DARTRIX,GRASS,FLYING,BROWN,FLYING,FLYING
DECIDUEYE,GRASS,GHOST,BROWN,FLYING,FLYING
LITTEN,FIRE,FIRE,RED,FIELD,FIELD
TORRACAT,FIRE,FIRE,RED,FIELD,FIELD
INCINEROAR,FIRE,DARK,RED,FIELD,FIELD
POPPLIO,WATER,WATER,BLUE,WATER 1,FIELD
BRIONNE,WATER,WATER,BLUE,WATER 1,FIELD
PRIMARINA,WATER,FAIRY,BLUE,WATER 1,FIELD
PIKIPEK,NORMAL,FLYING,BLACK,FLYING,FLYING
TRUMBEAK,NORMAL,FLYING,BLACK,FLYING,FLYING
TOUCANNON,NORMAL,FLYING,BLACK,FLYING,FLYING
YUNGOOS,NORMAL,NORMAL,BROWN,FIELD,FIELD
GUMSHOOS,NORMAL,NORMAL,BROWN,FIELD,FIELD
GRUBBIN,BUG,BUG,GRAY,BUG,BUG
CHARJABUG,BUG,ELECTRIC,GREEN,BUG,BUG
VIKAVOLT,BUG,ELECTRIC,BLUE,BUG,BUG
CRABRAWLER,FIGHTING,FIGHTING,PURPLE,WATER 3,WATER 3
CRABOMINABLE,FIGHTING,ICE,WHITE,WATER 3,WATER 3
ORICORIO BAILE STYLE,FIRE,FLYING,RED,FLYING,FLYING
ORICORIO POM-POM STYLE,ELECTRIC,FLYING,YELLOW,FLYING,FLYING
ORICORIO PA'U STYLE,PSYCHIC,FLYING,PINK,FLYING,FLYING
ORICORIO SENSU STYLE,GHOST,FLYING,PURPLE,FLYING,FLYING
CUTIEFLY,BUG,FAIRY,YELLOW,BUG,FAIRY
RIBOMBEE,BUG,FAIRY,YELLOW,BUG,FAIRY
ROCKRUFF,ROCK,ROCK,BROWN,FIELD,FIELD
LYCANROC MIDDAY FORM,ROCK,ROCK,BROWN,FIELD,FIELD
LYCANROC MIDNIGHT FORM,ROCK,ROCK,RED,FIELD,FIELD
LYCANROC DUSK FORM,ROCK,ROCK,BROWN,FIELD,FIELD
WISHIWASHI,WATER,WATER,BLUE,WATER 2,WATER 2
MAREANIE,POISON,WATER,BLUE,WATER 1,WATER 1
TOXAPEX,POISON,WATER,BLUE,WATER 1,WATER 1
MUDBRAY,GROUND,GROUND,BROWN,FIELD,FIELD
MUDSDALE,GROUND,GROUND,BROWN,FIELD,FIELD
DEWPIDER,WATER,BUG,GREEN,WATER 1,BUG
ARAQUANID,WATER,BUG,GREEN,WATER 1,BUG
FOMANTIS,GRASS,GRASS,PINK,GRASS,GRASS
LURANTIS,GRASS,GRASS,PINK,GRASS,GRASS
MORELULL,GRASS,FAIRY,PURPLE,GRASS,GRASS
SHIINOTIC,GRASS,FAIRY,PURPLE,GRASS,GRASS
SALANDIT,POISON,FIRE,BLACK,MONSTER,DRAGON
SALAZZLE,POISON,FIRE,BLACK,MONSTER,DRAGON
STUFFUL,NORMAL,FIGHTING,PINK,FIELD,FIELD
BEWEAR,NORMAL,FIGHTING,PINK,FIELD,FIELD
BOUNSWEET,GRASS,GRASS,PURPLE,GRASS,GRASS
STEENEE,GRASS,GRASS,PURPLE,GRASS,GRASS
TSAREENA,GRASS,GRASS,PURPLE,GRASS,GRASS
COMFEY,FAIRY,FAIRY,GREEN,GRASS,GRASS
ORANGURU,NORMAL,PSYCHIC,WHITE,FIELD,FIELD
PASSIMIAN,FIGHTING,FIGHTING,WHITE,FIELD,FIELD
WIMPOD,BUG,WATER,GRAY,BUG,WATER 3
GOLISOPOD,BUG,WATER,GRAY,BUG,WATER 3
SANDYGHAST,GHOST,GROUND,BROWN,AMORPHOUS,AMORPHOUS
PALOSSAND,GHOST,GROUND,BROWN,AMORPHOUS,AMORPHOUS
PYUKUMUKU,WATER,WATER,BLACK,WATER 1,WATER 1
MINIOR,ROCK,FLYING,BROWN,MINERAL,MINERAL
MINIOR CORE FORM,ROCK,FLYING,VARIOUS,MINERAL,MINERAL
KOMALA,NORMAL,NORMAL,BLUE,FIELD,FIELD
TURTONATOR,FIRE,DRAGON,RED,MONSTER,DRAGON
TOGEDEMARU,ELECTRIC,STEEL,GRAY,FIELD,FAIRY
MIMIKYU,GHOST,FAIRY,YELLOW,AMORPHOUS,AMORPHOUS
BRUXISH,WATER,PSYCHIC,PINK,WATER 2,WATER 2
DRAMPA,NORMAL,DRAGON,WHITE,MONSTER,DRAGON
DHELMISE,GHOST,GRASS,GREEN,MINERAL,MINERAL
JANGMO-O,DRAGON,DRAGON,GRAY,DRAGON,DRAGON
HAKAMO-O,DRAGON,FIGHTING,GRAY,DRAGON,DRAGON
KOMMO-O,DRAGON,FIGHTING,GRAY,DRAGON,DRAGON
GROOKEY,GRASS,GRASS,GREEN,FIELD,GRASS
THWACKEY,GRASS,GRASS,GREEN,FIELD,GRASS
RILLABOOM,GRASS,GRASS,GREEN,FIELD,GRASS
GIGANTAMAX RILLABOOM,GRASS,GRASS,GREEN,FIELD,GRASS
SCORBUNNY,FIRE,FIRE,WHITE,FIELD,HUMAN-LIKE
RABOOT,FIRE,FIRE,GRAY,FIELD,HUMAN-LIKE
CINDERACE,FIRE,FIRE,WHITE,FIELD,HUMAN-LIKE
GIGANTAMAX CINDERACE,FIRE,FIRE,WHITE,FIELD,HUMAN-LIKE
SOBBLE,WATER,WATER,BLUE,WATER 1,FIELD
DRIZZILE,WATER,WATER,BLUE,WATER 1,FIELD
INTELEON,WATER,WATER,BLUE,WATER 1,FIELD
GIGANTAMAX INTELEON,WATER,WATER,BLUE,WATER 1,FIELD
SKWOVET,NORMAL,NORMAL,BROWN,FIELD,FIELD
GREEDENT,NORMAL,NORMAL,BROWN,FIELD,FIELD
ROOKIDEE,FLYING,FLYING,BLUE,FLYING,FLYING
CORVISQUIRE,FLYING,FLYING,BLUE,FLYING,FLYING
CORVIKNIGHT,FLYING,STEEL,PURPLE,FLYING,FLYING
GIGANTAMAX CORVIKNIGHT,FLYING,STEEL,PURPLE,FLYING,FLYING
BLIPBUG,BUG,BUG,BLUE,BUG,BUG
DOTTLER,BUG,PSYCHIC,YELLOW,BUG,BUG
ORBEETLE,BUG,PSYCHIC,RED,BUG,BUG
GIGANTAMAX ORBEETLE,BUG,PSYCHIC,RED,BUG,BUG
NICKIT,DARK,DARK,BROWN,FIELD,FIELD
THIEVUL,DARK,DARK,BROWN,FIELD,FIELD
GOSSIFLEUR,GRASS,GRASS,GREEN,GRASS,GRASS
ELDEGOSS,GRASS,GRASS,GREEN,GRASS,GRASS
WOOLOO,NORMAL,NORMAL,WHITE,FIELD,FIELD
DUBWOOL,NORMAL,NORMAL,WHITE,FIELD,FIELD
CHEWTLE,WATER,WATER,GREEN,MONSTER,WATER 1
DREDNAW,WATER,ROCK,GREEN,MONSTER,WATER 1
GIGANTAMAX DREDNAW,WATER,ROCK,GREEN,MONSTER,WATER 1
YAMPER,ELECTRIC,ELECTRIC,YELLOW,FIELD,FIELD
BOLTUND,ELECTRIC,ELECTRIC,YELLOW,FIELD,FIELD
ROLYCOLY,ROCK,ROCK,BLACK,MINERAL,MINERAL
CARKOL,ROCK,FIRE,BLACK,MINERAL,MINERAL
COALOSSAL,ROCK,FIRE,BLACK,MINERAL,MINERAL
GIGANTAMAX COALOSSAL,ROCK,FIRE,BLACK,MINERAL,MINERAL
APPLIN,GRASS,DRAGON,GREEN,GRASS,DRAGON
FLAPPLE,GRASS,DRAGON,GREEN,GRASS,DRAGON
GIGANTAMAX FLAPPLE,GRASS,DRAGON,GREEN,GRASS,DRAGON
APPLETUN,GRASS,DRAGON,GREEN,GRASS,DRAGON
GIGANTAMAX APPLETUN,GRASS,DRAGON,GREEN,GRASS,DRAGON
SILICOBRA,GROUND,GROUND,GREEN,FIELD,DRAGON
SANDACONDA,GROUND,GROUND,GREEN,FIELD,DRAGON
GIGANTAMAX SANDACONDA,GROUND,GROUND,GREEN,FIELD,DRAGON
CRAMORANT,FLYING,WATER,BLUE,WATER 1,FLYING
ARROKUDA,WATER,WATER,BROWN,WATER 2,WATER 2
BARRASKEWDA,WATER,WATER,BROWN,WATER 2,WATER 2
TOXEL,ELECTRIC,POISON,PURPLE,UNDISCOVERED,UNDISCOVERED
AMPED TOXTRICITY,ELECTRIC,POISON,PURPLE,HUMAN-LIKE,HUMAN-LIKE
LOW KEY TOXTRICITY ,ELECTRIC,POISON,PURPLE,HUMAN-LIKE,HUMAN-LIKE
GIGANTAMAX TOXTRICITY,ELECTRIC,POISON,PURPLE,HUMAN-LIKE,HUMAN-LIKE
SIZZLIPEDE,FIRE,BUG,RED,BUG,BUG
CENTISKORCH,FIRE,BUG,RED,BUG,BUG
GIGANTAMAX CENTISKORCH,FIRE,BUG,RED,BUG,BUG
CLOBBOPUS,FIGHTING,FIGHTING,BROWN,WATER 1,HUMAN-LIKE
GRAPPLOCT,FIGHTING,FIGHTING,BLUE,WATER 1,HUMAN-LIKE
SINISTEA,GHOST,GHOST,PURPLE,MINERAL,AMORPHOUS
POLTEAGEIST,GHOST,GHOST,PURPLE,MINERAL,AMORPHOUS
HATENNA,PSYCHIC,PSYCHIC,PINK,FAIRY,FAIRY
HATTREM,PSYCHIC,PSYCHIC,PINK,FAIRY,FAIRY
HATTERENE,PSYCHIC,FAIRY,PINK,FAIRY,FAIRY
GIGANTAMAX HATTERENE,PSYCHIC,FAIRY,PINK,FAIRY,FAIRY
IMPIDIMP,DARK,FAIRY,PINK,FAIRY,HUMAN-LIKE
MORGREM,DARK,FAIRY,PINK,FAIRY,HUMAN-LIKE
GRIMMSNARL,DARK,FAIRY,PURPLE,FAIRY,HUMAN-LIKE
GIGANTAMAX GRIMMSNARL,DARK,FAIRY,PURPLE,FAIRY,HUMAN-LIKE
OBSTAGOON,DARK,NORMAL,GRAY,FIELD,FIELD
PERRSERKER,STEEL,STEEL,BROWN,FIELD,FIELD
CURSOLA,GHOST,GHOST,WHITE,WATER 1,WATER 3
SIRFETCH'D,FIGHTING,FIGHTING,WHITE,FLYING,FIELD
MR. RIME,ICE,PSYCHIC,PURPLE,HUMAN-LIKE,HUMAN-LIKE
RUNERIGUS,GROUND,GHOST,GRAY,MINERAL,AMORPHOUS
MILCERY,FAIRY,FAIRY,WHITE,FAIRY,AMORPHOUS
ALCREMIE,FAIRY,FAIRY,VARIOUS,FAIRY,AMORPHOUS
FALINKS,FIGHTING,FIGHTING,YELLOW,FAIRY,MINERAL
PINCURCHIN,ELECTRIC,ELECTRIC,PURPLE,WATER 1,AMORPHOUS
SNOM,ICE,BUG,WHITE,BUG,BUG
FROSMOTH,ICE,BUG,WHITE,BUG,BUG
STONJOURNER,ROCK,ROCK,GRAY,MINERAL,MINERAL
EISCUE,ICE,ICE,BLUE,WATER 1,FIELD
INDEEDEE♂,PSYCHIC,NORMAL,PURPLE,FAIRY,FAIRY
INDEEDEE♀,PSYCHIC,NORMAL,PURPLE,FAIRY,FAIRY
MORPEKO,ELECTRIC,DARK,YELLOW,FIELD,FAIRY
MORPEKO HANGRY,ELECTRIC,DARK,PURPLE,FIELD,FAIRY
CUFANT,STEEL,STEEL,YELLOW,FIELD,MINERAL
COPPERAJAH,STEEL,STEEL,GREEN,FIELD,MINERAL
GIGANTAMAX COPPERAJAH,STEEL,STEEL,GREEN,FIELD,MINERAL
DRACOZOLT,ELECTRIC,DRAGON,GREEN,UNDISCOVERED,UNDISCOVERED
ARCTOZOLT,ELECTRIC,ICE,BLUE,UNDISCOVERED,UNDISCOVERED
DRACOVISH,WATER,DRAGON,GREEN,UNDISCOVERED,UNDISCOVERED
ARCTOVISH,WATER,ICE,BLUE,UNDISCOVERED,UNDISCOVERED
DURALUDON,STEEL,DRAGON,WHITE,MINERAL,DRAGON
GIGANTAMAX DURALUDON,STEEL,DRAGON,WHITE,MINERAL,DRAGON
DREEPY,DRAGON,GHOST,GREEN,AMORPHOUS,DRAGON
DRAKLOAK,DRAGON,GHOST,GREEN,AMORPHOUS,DRAGON
DRAGAPULT,DRAGON,GHOST,GREEN,AMORPHOUS,DRAGON